"Step","LoRa - loss","LoRa - loss__MIN","LoRa - loss__MAX"
"0","1.0128633975982666","1.0128633975982666","1.0128633975982666"
"5","0.8751178979873657","0.8751178979873657","0.8751178979873657"
"6","1.0246353149414062","1.0246353149414062","1.0246353149414062"
"7","1.105105996131897","1.105105996131897","1.105105996131897"
"8","0.7143350839614868","0.7143350839614868","0.7143350839614868"
"9","1.0787068605422974","1.0787068605422974","1.0787068605422974"
"10","0.7363489866256714","0.7363489866256714","0.7363489866256714"
"11","1.2161202430725098","1.2161202430725098","1.2161202430725098"
"12","0.8797399997711182","0.8797399997711182","0.8797399997711182"
"13","0.7685971260070801","0.7685971260070801","0.7685971260070801"
"14","0.7713125944137573","0.7713125944137573","0.7713125944137573"
"15","1.3710672855377197","1.3710672855377197","1.3710672855377197"
"16","0.7586032748222351","0.7586032748222351","0.7586032748222351"
"17","0.8820745348930359","0.8820745348930359","0.8820745348930359"
"18","0.7841988205909729","0.7841988205909729","0.7841988205909729"
"19","0.5083065629005432","0.5083065629005432","0.5083065629005432"
"20","0.9864037036895752","0.9864037036895752","0.9864037036895752"
"21","0.9331955313682556","0.9331955313682556","0.9331955313682556"
"22","0.8948361873626709","0.8948361873626709","0.8948361873626709"
"23","0.7895568609237671","0.7895568609237671","0.7895568609237671"
"24","1.2129230499267578","1.2129230499267578","1.2129230499267578"
"25","0.976549506187439","0.976549506187439","0.976549506187439"
"26","0.9223790168762207","0.9223790168762207","0.9223790168762207"
"27","1.1315618753433228","1.1315618753433228","1.1315618753433228"
"28","0.6470100283622742","0.6470100283622742","0.6470100283622742"
"29","0.9223371148109436","0.9223371148109436","0.9223371148109436"
"30","0.5953386425971985","0.5953386425971985","0.5953386425971985"
"31","0.9126338958740234","0.9126338958740234","0.9126338958740234"
"32","0.792733371257782","0.792733371257782","0.792733371257782"
"33","0.9046983122825623","0.9046983122825623","0.9046983122825623"
"34","0.5672975778579712","0.5672975778579712","0.5672975778579712"
"35","1.0495455265045166","1.0495455265045166","1.0495455265045166"
"36","0.9861509799957275","0.9861509799957275","0.9861509799957275"
"37","0.8250131607055664","0.8250131607055664","0.8250131607055664"
"38","1.0829503536224365","1.0829503536224365","1.0829503536224365"
"39","0.9433565139770508","0.9433565139770508","0.9433565139770508"
"40","1.0498849153518677","1.0498849153518677","1.0498849153518677"
"41","1.0741411447525024","1.0741411447525024","1.0741411447525024"
"42","1.0329461097717285","1.0329461097717285","1.0329461097717285"
"43","0.8148962259292603","0.8148962259292603","0.8148962259292603"
"44","0.7385441064834595","0.7385441064834595","0.7385441064834595"
"45","0.6999529600143433","0.6999529600143433","0.6999529600143433"
"46","0.7224589586257935","0.7224589586257935","0.7224589586257935"
"47","0.6353304982185364","0.6353304982185364","0.6353304982185364"
"48","0.913983166217804","0.913983166217804","0.913983166217804"
"49","1.003229022026062","1.003229022026062","1.003229022026062"
"50","1.130021333694458","1.130021333694458","1.130021333694458"
"51","0.9785770177841187","0.9785770177841187","0.9785770177841187"
"52","0.8822121620178223","0.8822121620178223","0.8822121620178223"
"53","0.5418943166732788","0.5418943166732788","0.5418943166732788"
"54","0.94319748878479","0.94319748878479","0.94319748878479"
"55","0.7250452637672424","0.7250452637672424","0.7250452637672424"
"56","0.8046507239341736","0.8046507239341736","0.8046507239341736"
"57","1.2961677312850952","1.2961677312850952","1.2961677312850952"
"58","0.7477477192878723","0.7477477192878723","0.7477477192878723"
"59","0.7079668045043945","0.7079668045043945","0.7079668045043945"
"60","0.6850167512893677","0.6850167512893677","0.6850167512893677"
"61","0.9757497310638428","0.9757497310638428","0.9757497310638428"
"62","0.8982435464859009","0.8982435464859009","0.8982435464859009"
"63","0.6836202144622803","0.6836202144622803","0.6836202144622803"
"64","0.8621447682380676","0.8621447682380676","0.8621447682380676"
"65","0.8376148343086243","0.8376148343086243","0.8376148343086243"
"66","0.8609097599983215","0.8609097599983215","0.8609097599983215"
"67","1.0418676137924194","1.0418676137924194","1.0418676137924194"
"68","0.707077145576477","0.707077145576477","0.707077145576477"
"69","0.9001379013061523","0.9001379013061523","0.9001379013061523"
"70","0.9599371552467346","0.9599371552467346","0.9599371552467346"
"71","0.90938401222229","0.90938401222229","0.90938401222229"
"72","0.9009474515914917","0.9009474515914917","0.9009474515914917"
"73","0.678280770778656","0.678280770778656","0.678280770778656"
"74","0.9909716844558716","0.9909716844558716","0.9909716844558716"
"75","0.9563308358192444","0.9563308358192444","0.9563308358192444"
"76","0.7811033129692078","0.7811033129692078","0.7811033129692078"
"77","0.9311341643333435","0.9311341643333435","0.9311341643333435"
"78","1.0642406940460205","1.0642406940460205","1.0642406940460205"
"79","1.153173565864563","1.153173565864563","1.153173565864563"
"80","0.6698560118675232","0.6698560118675232","0.6698560118675232"
"81","0.817886471748352","0.817886471748352","0.817886471748352"
"82","0.5441005229949951","0.5441005229949951","0.5441005229949951"
"83","0.44671112298965454","0.44671112298965454","0.44671112298965454"
"84","1.0716828107833862","1.0716828107833862","1.0716828107833862"
"85","1.0431654453277588","1.0431654453277588","1.0431654453277588"
"86","0.7348270416259766","0.7348270416259766","0.7348270416259766"
"87","0.6156638860702515","0.6156638860702515","0.6156638860702515"
"88","0.4144686758518219","0.4144686758518219","0.4144686758518219"
"89","0.5749142169952393","0.5749142169952393","0.5749142169952393"
"90","0.37962955236434937","0.37962955236434937","0.37962955236434937"
"91","0.549201488494873","0.549201488494873","0.549201488494873"
"92","0.6260768175125122","0.6260768175125122","0.6260768175125122"
"93","0.3939489424228668","0.3939489424228668","0.3939489424228668"
"94","0.8433215618133545","0.8433215618133545","0.8433215618133545"
"95","0.6835033893585205","0.6835033893585205","0.6835033893585205"
"96","0.8078356981277466","0.8078356981277466","0.8078356981277466"
"97","0.8353419303894043","0.8353419303894043","0.8353419303894043"
"98","0.48938071727752686","0.48938071727752686","0.48938071727752686"
"99","0.5443150997161865","0.5443150997161865","0.5443150997161865"
"100","0.7627131938934326","0.7627131938934326","0.7627131938934326"
"101","0.6217972636222839","0.6217972636222839","0.6217972636222839"
"102","0.7373446822166443","0.7373446822166443","0.7373446822166443"
"103","0.6021695137023926","0.6021695137023926","0.6021695137023926"
"104","0.9552510976791382","0.9552510976791382","0.9552510976791382"
"105","0.606823205947876","0.606823205947876","0.606823205947876"
"106","0.8965767621994019","0.8965767621994019","0.8965767621994019"
"107","0.4424753487110138","0.4424753487110138","0.4424753487110138"
"108","0.5173489451408386","0.5173489451408386","0.5173489451408386"
"109","0.6083474159240723","0.6083474159240723","0.6083474159240723"
"110","1.1165045499801636","1.1165045499801636","1.1165045499801636"
"111","0.7472806572914124","0.7472806572914124","0.7472806572914124"
"112","0.4919694662094116","0.4919694662094116","0.4919694662094116"
"113","1.05411696434021","1.05411696434021","1.05411696434021"
"114","0.553425669670105","0.553425669670105","0.553425669670105"
"115","0.8705698251724243","0.8705698251724243","0.8705698251724243"
"116","0.6064735651016235","0.6064735651016235","0.6064735651016235"
"117","0.5668226480484009","0.5668226480484009","0.5668226480484009"
"118","0.5513854622840881","0.5513854622840881","0.5513854622840881"
"119","0.9150034189224243","0.9150034189224243","0.9150034189224243"
"120","0.5850921273231506","0.5850921273231506","0.5850921273231506"
"121","0.754849374294281","0.754849374294281","0.754849374294281"
"122","0.7893004417419434","0.7893004417419434","0.7893004417419434"
"123","0.978024959564209","0.978024959564209","0.978024959564209"
"124","0.5686811208724976","0.5686811208724976","0.5686811208724976"
"125","0.6437312364578247","0.6437312364578247","0.6437312364578247"
"126","0.5479753017425537","0.5479753017425537","0.5479753017425537"
"127","0.33234164118766785","0.33234164118766785","0.33234164118766785"
"128","0.460977166891098","0.460977166891098","0.460977166891098"
"129","0.44544753432273865","0.44544753432273865","0.44544753432273865"
"130","0.5716646909713745","0.5716646909713745","0.5716646909713745"
"131","0.3796371519565582","0.3796371519565582","0.3796371519565582"
"132","1.115195870399475","1.115195870399475","1.115195870399475"
"133","0.589314877986908","0.589314877986908","0.589314877986908"
"134","0.5433768033981323","0.5433768033981323","0.5433768033981323"
"135","0.6472331285476685","0.6472331285476685","0.6472331285476685"
"136","0.662869930267334","0.662869930267334","0.662869930267334"
"137","0.633267879486084","0.633267879486084","0.633267879486084"
"138","0.578449010848999","0.578449010848999","0.578449010848999"
"139","0.7004345655441284","0.7004345655441284","0.7004345655441284"
"140","0.694454550743103","0.694454550743103","0.694454550743103"
"141","0.4983053505420685","0.4983053505420685","0.4983053505420685"
"142","0.5985448360443115","0.5985448360443115","0.5985448360443115"
"143","0.8782419562339783","0.8782419562339783","0.8782419562339783"
"144","0.7138321995735168","0.7138321995735168","0.7138321995735168"
"145","0.7835520505905151","0.7835520505905151","0.7835520505905151"
"146","0.4630478322505951","0.4630478322505951","0.4630478322505951"
"147","0.6412928104400635","0.6412928104400635","0.6412928104400635"
"148","0.7107909917831421","0.7107909917831421","0.7107909917831421"
"149","0.25286421179771423","0.25286421179771423","0.25286421179771423"
"150","0.40653473138809204","0.40653473138809204","0.40653473138809204"
"151","0.7735881805419922","0.7735881805419922","0.7735881805419922"
"152","0.36196133494377136","0.36196133494377136","0.36196133494377136"
"153","0.8012846112251282","0.8012846112251282","0.8012846112251282"
"154","0.5006774663925171","0.5006774663925171","0.5006774663925171"
"155","0.8876782655715942","0.8876782655715942","0.8876782655715942"
"156","1.0363986492156982","1.0363986492156982","1.0363986492156982"
"157","0.6974949836730957","0.6974949836730957","0.6974949836730957"
"158","0.3040159344673157","0.3040159344673157","0.3040159344673157"
"159","0.6026571989059448","0.6026571989059448","0.6026571989059448"
"160","0.6569334268569946","0.6569334268569946","0.6569334268569946"
"161","0.3638511896133423","0.3638511896133423","0.3638511896133423"
"162","0.7340277433395386","0.7340277433395386","0.7340277433395386"
"163","0.7818226218223572","0.7818226218223572","0.7818226218223572"
"164","0.6571747064590454","0.6571747064590454","0.6571747064590454"
"165","0.4559018015861511","0.4559018015861511","0.4559018015861511"
"166","0.36097437143325806","0.36097437143325806","0.36097437143325806"
"167","0.49664098024368286","0.49664098024368286","0.49664098024368286"
"168","0.6668006181716919","0.6668006181716919","0.6668006181716919"
"169","0.8608596920967102","0.8608596920967102","0.8608596920967102"
"170","0.6617737412452698","0.6617737412452698","0.6617737412452698"
"171","0.8073318004608154","0.8073318004608154","0.8073318004608154"
"172","0.25791123509407043","0.25791123509407043","0.25791123509407043"
"173","0.903691291809082","0.903691291809082","0.903691291809082"
"174","0.5951460599899292","0.5951460599899292","0.5951460599899292"
"175","0.36495161056518555","0.36495161056518555","0.36495161056518555"
"176","0.49736133217811584","0.49736133217811584","0.49736133217811584"
"177","0.6372640132904053","0.6372640132904053","0.6372640132904053"
"178","0.4722789525985718","0.4722789525985718","0.4722789525985718"
"179","0.34942665696144104","0.34942665696144104","0.34942665696144104"
"184","0.581331729888916","0.581331729888916","0.581331729888916"
"189","0.4683932363986969","0.4683932363986969","0.4683932363986969"
"190","0.5827481150627136","0.5827481150627136","0.5827481150627136"
"191","0.22937509417533875","0.22937509417533875","0.22937509417533875"
"192","0.5644728541374207","0.5644728541374207","0.5644728541374207"
"193","0.7178758382797241","0.7178758382797241","0.7178758382797241"
"194","0.5763705968856812","0.5763705968856812","0.5763705968856812"
"195","0.18855705857276917","0.18855705857276917","0.18855705857276917"
"196","0.5380215048789978","0.5380215048789978","0.5380215048789978"
"197","0.45287537574768066","0.45287537574768066","0.45287537574768066"
"198","0.7887389659881592","0.7887389659881592","0.7887389659881592"
"199","0.5975075960159302","0.5975075960159302","0.5975075960159302"
"200","0.19075629115104675","0.19075629115104675","0.19075629115104675"
"201","0.38398370146751404","0.38398370146751404","0.38398370146751404"
"202","0.7696678638458252","0.7696678638458252","0.7696678638458252"
"203","0.45013919472694397","0.45013919472694397","0.45013919472694397"
"204","0.6927753686904907","0.6927753686904907","0.6927753686904907"
"205","0.5628055334091187","0.5628055334091187","0.5628055334091187"
"206","0.4166654050350189","0.4166654050350189","0.4166654050350189"
"207","0.6319074630737305","0.6319074630737305","0.6319074630737305"
"208","0.4708890914916992","0.4708890914916992","0.4708890914916992"
"209","0.6232222318649292","0.6232222318649292","0.6232222318649292"
"210","0.7381635904312134","0.7381635904312134","0.7381635904312134"
"211","0.40130946040153503","0.40130946040153503","0.40130946040153503"
"212","0.5384098291397095","0.5384098291397095","0.5384098291397095"
"213","0.5339131355285645","0.5339131355285645","0.5339131355285645"
"214","0.4080525040626526","0.4080525040626526","0.4080525040626526"
"215","0.5897042155265808","0.5897042155265808","0.5897042155265808"
"216","0.3402705490589142","0.3402705490589142","0.3402705490589142"
"217","0.7335717678070068","0.7335717678070068","0.7335717678070068"
"218","0.31112155318260193","0.31112155318260193","0.31112155318260193"
"219","0.3153134286403656","0.3153134286403656","0.3153134286403656"
"220","0.4673290252685547","0.4673290252685547","0.4673290252685547"
"221","0.35208338499069214","0.35208338499069214","0.35208338499069214"
"222","0.45914605259895325","0.45914605259895325","0.45914605259895325"
"223","0.2773309648036957","0.2773309648036957","0.2773309648036957"
"224","0.6141163110733032","0.6141163110733032","0.6141163110733032"
"225","0.5089617967605591","0.5089617967605591","0.5089617967605591"
"226","0.5555909872055054","0.5555909872055054","0.5555909872055054"
"227","0.6760837435722351","0.6760837435722351","0.6760837435722351"
"228","0.5924515724182129","0.5924515724182129","0.5924515724182129"
"229","0.2632843255996704","0.2632843255996704","0.2632843255996704"
"230","0.5610504746437073","0.5610504746437073","0.5610504746437073"
"231","0.5558260679244995","0.5558260679244995","0.5558260679244995"
"232","0.3923715054988861","0.3923715054988861","0.3923715054988861"
"233","0.3484163284301758","0.3484163284301758","0.3484163284301758"
"234","0.8123728036880493","0.8123728036880493","0.8123728036880493"
"235","0.17563384771347046","0.17563384771347046","0.17563384771347046"
"236","0.48275962471961975","0.48275962471961975","0.48275962471961975"
"237","0.38984718918800354","0.38984718918800354","0.38984718918800354"
"238","0.21441054344177246","0.21441054344177246","0.21441054344177246"
"239","0.45008644461631775","0.45008644461631775","0.45008644461631775"
"240","0.5625563859939575","0.5625563859939575","0.5625563859939575"
"241","0.510684072971344","0.510684072971344","0.510684072971344"
"242","0.5320239663124084","0.5320239663124084","0.5320239663124084"
"243","0.3849742114543915","0.3849742114543915","0.3849742114543915"
"244","0.407063752412796","0.407063752412796","0.407063752412796"
"245","0.7697897553443909","0.7697897553443909","0.7697897553443909"
"246","0.3648616373538971","0.3648616373538971","0.3648616373538971"
"247","0.45092126727104187","0.45092126727104187","0.45092126727104187"
"248","0.4898480474948883","0.4898480474948883","0.4898480474948883"
"249","0.5784168243408203","0.5784168243408203","0.5784168243408203"
"250","0.2951917052268982","0.2951917052268982","0.2951917052268982"
"251","0.889036238193512","0.889036238193512","0.889036238193512"
"252","0.48901286721229553","0.48901286721229553","0.48901286721229553"
"253","0.4992431700229645","0.4992431700229645","0.4992431700229645"
"254","0.3123003840446472","0.3123003840446472","0.3123003840446472"
"255","0.5410363674163818","0.5410363674163818","0.5410363674163818"
"256","0.3569014072418213","0.3569014072418213","0.3569014072418213"
"257","0.8782845139503479","0.8782845139503479","0.8782845139503479"
"258","0.6257091760635376","0.6257091760635376","0.6257091760635376"
"259","0.3921789228916168","0.3921789228916168","0.3921789228916168"
"260","0.5979922413825989","0.5979922413825989","0.5979922413825989"
"261","0.11471128463745117","0.11471128463745117","0.11471128463745117"
"262","0.4802210330963135","0.4802210330963135","0.4802210330963135"
"263","0.5215651988983154","0.5215651988983154","0.5215651988983154"
"264","0.28607177734375","0.28607177734375","0.28607177734375"
"265","0.41219013929367065","0.41219013929367065","0.41219013929367065"
"266","0.2562524676322937","0.2562524676322937","0.2562524676322937"
"267","0.5181207060813904","0.5181207060813904","0.5181207060813904"
"268","0.6787070035934448","0.6787070035934448","0.6787070035934448"
"269","0.5257744789123535","0.5257744789123535","0.5257744789123535"
"270","0.2986275851726532","0.2986275851726532","0.2986275851726532"
"271","0.34462207555770874","0.34462207555770874","0.34462207555770874"
"272","0.20772096514701843","0.20772096514701843","0.20772096514701843"
"273","0.5245081186294556","0.5245081186294556","0.5245081186294556"
"274","0.7298187017440796","0.7298187017440796","0.7298187017440796"
"275","0.3931870758533478","0.3931870758533478","0.3931870758533478"
"276","0.45796999335289","0.45796999335289","0.45796999335289"
"277","0.5454477667808533","0.5454477667808533","0.5454477667808533"
"278","0.3652401268482208","0.3652401268482208","0.3652401268482208"
"279","0.22649040818214417","0.22649040818214417","0.22649040818214417"
"280","0.5869043469429016","0.5869043469429016","0.5869043469429016"
"281","0.6530028581619263","0.6530028581619263","0.6530028581619263"
"282","0.49152329564094543","0.49152329564094543","0.49152329564094543"
"283","0.6281253695487976","0.6281253695487976","0.6281253695487976"
"284","0.396541953086853","0.396541953086853","0.396541953086853"
"285","0.3919004797935486","0.3919004797935486","0.3919004797935486"
"286","0.37158921360969543","0.37158921360969543","0.37158921360969543"
"287","0.4753515422344208","0.4753515422344208","0.4753515422344208"
"288","0.9173309803009033","0.9173309803009033","0.9173309803009033"
"289","0.4755409359931946","0.4755409359931946","0.4755409359931946"
"290","0.4222663342952728","0.4222663342952728","0.4222663342952728"
"291","0.4160490334033966","0.4160490334033966","0.4160490334033966"
"292","0.7320340871810913","0.7320340871810913","0.7320340871810913"
"293","0.17760628461837769","0.17760628461837769","0.17760628461837769"
"294","0.42554622888565063","0.42554622888565063","0.42554622888565063"
"295","0.29938066005706787","0.29938066005706787","0.29938066005706787"
"296","0.3328554630279541","0.3328554630279541","0.3328554630279541"
"297","0.1697971224784851","0.1697971224784851","0.1697971224784851"
"298","0.6324440836906433","0.6324440836906433","0.6324440836906433"
"299","0.36841869354248047","0.36841869354248047","0.36841869354248047"
"300","0.7061920166015625","0.7061920166015625","0.7061920166015625"
"301","0.4924386143684387","0.4924386143684387","0.4924386143684387"
"302","0.37411898374557495","0.37411898374557495","0.37411898374557495"
"303","0.1619570553302765","0.1619570553302765","0.1619570553302765"
"304","0.5430471897125244","0.5430471897125244","0.5430471897125244"
"305","0.40946996212005615","0.40946996212005615","0.40946996212005615"
"306","0.477950781583786","0.477950781583786","0.477950781583786"
"307","0.3737466037273407","0.3737466037273407","0.3737466037273407"
"308","0.18658539652824402","0.18658539652824402","0.18658539652824402"
"309","0.5879345536231995","0.5879345536231995","0.5879345536231995"
"310","0.4638580083847046","0.4638580083847046","0.4638580083847046"
"311","0.27459096908569336","0.27459096908569336","0.27459096908569336"
"312","0.3600739538669586","0.3600739538669586","0.3600739538669586"
"313","0.1906535029411316","0.1906535029411316","0.1906535029411316"
"314","0.3128473162651062","0.3128473162651062","0.3128473162651062"
"315","0.366813600063324","0.366813600063324","0.366813600063324"
"316","0.7526509165763855","0.7526509165763855","0.7526509165763855"
"317","0.2064371109008789","0.2064371109008789","0.2064371109008789"
"318","0.4417874217033386","0.4417874217033386","0.4417874217033386"
"319","0.48361557722091675","0.48361557722091675","0.48361557722091675"
"320","0.6701952815055847","0.6701952815055847","0.6701952815055847"
"321","0.12527704238891602","0.12527704238891602","0.12527704238891602"
"322","0.4221702516078949","0.4221702516078949","0.4221702516078949"
"323","0.37865686416625977","0.37865686416625977","0.37865686416625977"
"324","0.7072810530662537","0.7072810530662537","0.7072810530662537"
"325","0.49750956892967224","0.49750956892967224","0.49750956892967224"
"326","0.6348943710327148","0.6348943710327148","0.6348943710327148"
"327","0.5097233057022095","0.5097233057022095","0.5097233057022095"
"328","0.3645998239517212","0.3645998239517212","0.3645998239517212"
"329","0.9159693717956543","0.9159693717956543","0.9159693717956543"
"330","0.5481414794921875","0.5481414794921875","0.5481414794921875"
"331","0.4861990213394165","0.4861990213394165","0.4861990213394165"
"332","0.601947546005249","0.601947546005249","0.601947546005249"
"333","0.5188831686973572","0.5188831686973572","0.5188831686973572"
"334","0.538344144821167","0.538344144821167","0.538344144821167"
"335","0.22937145829200745","0.22937145829200745","0.22937145829200745"
"336","0.5987886786460876","0.5987886786460876","0.5987886786460876"
"337","0.543139636516571","0.543139636516571","0.543139636516571"
"338","0.34983986616134644","0.34983986616134644","0.34983986616134644"
"339","0.7884389162063599","0.7884389162063599","0.7884389162063599"
"340","0.2543974220752716","0.2543974220752716","0.2543974220752716"
"341","0.4545570909976959","0.4545570909976959","0.4545570909976959"
"342","0.488044798374176","0.488044798374176","0.488044798374176"
"343","0.2905465066432953","0.2905465066432953","0.2905465066432953"
"344","0.5276444554328918","0.5276444554328918","0.5276444554328918"
"345","0.3625136613845825","0.3625136613845825","0.3625136613845825"
"346","0.4000644385814667","0.4000644385814667","0.4000644385814667"
"347","0.27967163920402527","0.27967163920402527","0.27967163920402527"
"348","0.5298461318016052","0.5298461318016052","0.5298461318016052"
"349","0.7375423312187195","0.7375423312187195","0.7375423312187195"
"350","0.3795730769634247","0.3795730769634247","0.3795730769634247"
"351","0.42494162917137146","0.42494162917137146","0.42494162917137146"
"352","0.43144699931144714","0.43144699931144714","0.43144699931144714"
"353","0.6257316470146179","0.6257316470146179","0.6257316470146179"
"354","0.47263893485069275","0.47263893485069275","0.47263893485069275"
"355","0.536794900894165","0.536794900894165","0.536794900894165"
"356","0.31308791041374207","0.31308791041374207","0.31308791041374207"
"357","0.3957344889640808","0.3957344889640808","0.3957344889640808"
"358","0.4641161859035492","0.4641161859035492","0.4641161859035492"
"359","0.6132237315177917","0.6132237315177917","0.6132237315177917"
"360","0.3830706477165222","0.3830706477165222","0.3830706477165222"
"361","0.647106945514679","0.647106945514679","0.647106945514679"
"362","0.157193124294281","0.157193124294281","0.157193124294281"
"363","0.6066370606422424","0.6066370606422424","0.6066370606422424"
"368","0.1808023750782013","0.1808023750782013","0.1808023750782013"
"373","0.7049073576927185","0.7049073576927185","0.7049073576927185"
"374","0.5815703868865967","0.5815703868865967","0.5815703868865967"
"375","0.3683747947216034","0.3683747947216034","0.3683747947216034"
"376","0.4459858536720276","0.4459858536720276","0.4459858536720276"
"377","0.07920870184898376","0.07920870184898376","0.07920870184898376"
"378","0.4329872131347656","0.4329872131347656","0.4329872131347656"
"379","0.742720365524292","0.742720365524292","0.742720365524292"
"380","0.4923776686191559","0.4923776686191559","0.4923776686191559"
"381","0.6284464597702026","0.6284464597702026","0.6284464597702026"
"382","0.529884934425354","0.529884934425354","0.529884934425354"
"383","0.3535696268081665","0.3535696268081665","0.3535696268081665"
"384","0.18641331791877747","0.18641331791877747","0.18641331791877747"
"385","0.4587944746017456","0.4587944746017456","0.4587944746017456"
"386","0.4217904210090637","0.4217904210090637","0.4217904210090637"
"387","0.6510215997695923","0.6510215997695923","0.6510215997695923"
"388","0.2961879372596741","0.2961879372596741","0.2961879372596741"
"389","0.3591431975364685","0.3591431975364685","0.3591431975364685"
"390","0.2877599000930786","0.2877599000930786","0.2877599000930786"
"391","0.3370896577835083","0.3370896577835083","0.3370896577835083"
"392","0.1320393681526184","0.1320393681526184","0.1320393681526184"
"393","0.19948810338974","0.19948810338974","0.19948810338974"
"394","0.23882687091827393","0.23882687091827393","0.23882687091827393"
"395","0.5590754747390747","0.5590754747390747","0.5590754747390747"
"396","0.22228151559829712","0.22228151559829712","0.22228151559829712"
"397","0.4655546545982361","0.4655546545982361","0.4655546545982361"
"398","0.3792637884616852","0.3792637884616852","0.3792637884616852"
"399","0.26316946744918823","0.26316946744918823","0.26316946744918823"
"400","0.2759961485862732","0.2759961485862732","0.2759961485862732"
"401","0.5315446257591248","0.5315446257591248","0.5315446257591248"
"402","0.5154775977134705","0.5154775977134705","0.5154775977134705"
"403","0.8186807632446289","0.8186807632446289","0.8186807632446289"
"404","0.615764856338501","0.615764856338501","0.615764856338501"
"405","0.20085301995277405","0.20085301995277405","0.20085301995277405"
"406","0.24371284246444702","0.24371284246444702","0.24371284246444702"
"407","0.20113429427146912","0.20113429427146912","0.20113429427146912"
"408","0.41227179765701294","0.41227179765701294","0.41227179765701294"
"409","0.304599404335022","0.304599404335022","0.304599404335022"
"410","0.4576793313026428","0.4576793313026428","0.4576793313026428"
"411","0.21407020092010498","0.21407020092010498","0.21407020092010498"
"412","0.6053352355957031","0.6053352355957031","0.6053352355957031"
"413","0.3691554069519043","0.3691554069519043","0.3691554069519043"
"414","0.6363558769226074","0.6363558769226074","0.6363558769226074"
"415","0.5191085338592529","0.5191085338592529","0.5191085338592529"
"416","0.3059275150299072","0.3059275150299072","0.3059275150299072"
"417","0.28282275795936584","0.28282275795936584","0.28282275795936584"
"418","0.23613223433494568","0.23613223433494568","0.23613223433494568"
"419","0.391012579202652","0.391012579202652","0.391012579202652"
"420","0.38319632411003113","0.38319632411003113","0.38319632411003113"
"421","0.23572885990142822","0.23572885990142822","0.23572885990142822"
"422","0.4697447121143341","0.4697447121143341","0.4697447121143341"
"423","0.4438364505767822","0.4438364505767822","0.4438364505767822"
"424","0.25952187180519104","0.25952187180519104","0.25952187180519104"
"425","0.6544392704963684","0.6544392704963684","0.6544392704963684"
"426","0.3162636160850525","0.3162636160850525","0.3162636160850525"
"427","0.472831130027771","0.472831130027771","0.472831130027771"
"428","0.590691328048706","0.590691328048706","0.590691328048706"
"429","0.41949841380119324","0.41949841380119324","0.41949841380119324"
"430","0.4889700710773468","0.4889700710773468","0.4889700710773468"
"431","0.1708068549633026","0.1708068549633026","0.1708068549633026"
"432","0.47233691811561584","0.47233691811561584","0.47233691811561584"
"433","0.29821786284446716","0.29821786284446716","0.29821786284446716"
"434","0.6288105249404907","0.6288105249404907","0.6288105249404907"
"435","0.4928233325481415","0.4928233325481415","0.4928233325481415"
"436","0.25661131739616394","0.25661131739616394","0.25661131739616394"
"437","0.4351050555706024","0.4351050555706024","0.4351050555706024"
"438","0.12136974930763245","0.12136974930763245","0.12136974930763245"
"439","0.17787876725196838","0.17787876725196838","0.17787876725196838"
"440","0.2900222837924957","0.2900222837924957","0.2900222837924957"
"441","0.6790680885314941","0.6790680885314941","0.6790680885314941"
"442","0.38065105676651","0.38065105676651","0.38065105676651"
"443","0.4035988450050354","0.4035988450050354","0.4035988450050354"
"444","0.19258937239646912","0.19258937239646912","0.19258937239646912"
"445","0.6284246444702148","0.6284246444702148","0.6284246444702148"
"446","0.48929688334465027","0.48929688334465027","0.48929688334465027"
"447","0.17243033647537231","0.17243033647537231","0.17243033647537231"
"448","0.4228381812572479","0.4228381812572479","0.4228381812572479"
"449","0.36130547523498535","0.36130547523498535","0.36130547523498535"
"450","0.3544512689113617","0.3544512689113617","0.3544512689113617"
"451","0.394400954246521","0.394400954246521","0.394400954246521"
"452","0.3270631432533264","0.3270631432533264","0.3270631432533264"
"453","0.2473960518836975","0.2473960518836975","0.2473960518836975"
"454","0.12692764401435852","0.12692764401435852","0.12692764401435852"
"455","0.5234889984130859","0.5234889984130859","0.5234889984130859"
"456","0.3381400406360626","0.3381400406360626","0.3381400406360626"
"457","0.6335949897766113","0.6335949897766113","0.6335949897766113"
"458","0.17368295788764954","0.17368295788764954","0.17368295788764954"
"459","0.17209982872009277","0.17209982872009277","0.17209982872009277"
"460","0.23615428805351257","0.23615428805351257","0.23615428805351257"
"461","0.193049818277359","0.193049818277359","0.193049818277359"
"462","0.10733181238174438","0.10733181238174438","0.10733181238174438"
"463","0.2817491888999939","0.2817491888999939","0.2817491888999939"
"464","0.34191903471946716","0.34191903471946716","0.34191903471946716"
"465","0.5013982057571411","0.5013982057571411","0.5013982057571411"
"466","0.4805126488208771","0.4805126488208771","0.4805126488208771"
"467","0.6943579316139221","0.6943579316139221","0.6943579316139221"
"468","0.36118006706237793","0.36118006706237793","0.36118006706237793"
"469","0.36175644397735596","0.36175644397735596","0.36175644397735596"
"470","0.6201367378234863","0.6201367378234863","0.6201367378234863"
"471","0.37741512060165405","0.37741512060165405","0.37741512060165405"
"472","0.28935492038726807","0.28935492038726807","0.28935492038726807"
"473","0.31093063950538635","0.31093063950538635","0.31093063950538635"
"474","0.07831957936286926","0.07831957936286926","0.07831957936286926"
"475","0.7978239059448242","0.7978239059448242","0.7978239059448242"
"476","0.352778822183609","0.352778822183609","0.352778822183609"
"477","0.43901920318603516","0.43901920318603516","0.43901920318603516"
"478","0.13673213124275208","0.13673213124275208","0.13673213124275208"
"479","0.6379163265228271","0.6379163265228271","0.6379163265228271"
"480","0.26038306951522827","0.26038306951522827","0.26038306951522827"
"481","0.3961032032966614","0.3961032032966614","0.3961032032966614"
"482","0.4833888113498688","0.4833888113498688","0.4833888113498688"
"483","0.14533087611198425","0.14533087611198425","0.14533087611198425"
"484","0.42171066999435425","0.42171066999435425","0.42171066999435425"
"485","0.3807218372821808","0.3807218372821808","0.3807218372821808"
"486","0.6536375284194946","0.6536375284194946","0.6536375284194946"
"487","0.2538354694843292","0.2538354694843292","0.2538354694843292"
"488","0.21701374650001526","0.21701374650001526","0.21701374650001526"
"489","0.17200544476509094","0.17200544476509094","0.17200544476509094"
"490","0.356840044260025","0.356840044260025","0.356840044260025"
"491","0.3925556242465973","0.3925556242465973","0.3925556242465973"
"492","0.3402304947376251","0.3402304947376251","0.3402304947376251"
"493","0.22161343693733215","0.22161343693733215","0.22161343693733215"
"494","0.27193769812583923","0.27193769812583923","0.27193769812583923"
"495","0.24573856592178345","0.24573856592178345","0.24573856592178345"
"496","0.14911988377571106","0.14911988377571106","0.14911988377571106"
"497","0.3153664469718933","0.3153664469718933","0.3153664469718933"
"498","0.2652895748615265","0.2652895748615265","0.2652895748615265"
"499","0.2627163231372833","0.2627163231372833","0.2627163231372833"
"500","0.2716400921344757","0.2716400921344757","0.2716400921344757"
"501","0.48695752024650574","0.48695752024650574","0.48695752024650574"
"502","0.5004209876060486","0.5004209876060486","0.5004209876060486"
"503","0.32734405994415283","0.32734405994415283","0.32734405994415283"
"504","0.5871566534042358","0.5871566534042358","0.5871566534042358"
"505","0.17281273007392883","0.17281273007392883","0.17281273007392883"
"506","0.34604859352111816","0.34604859352111816","0.34604859352111816"
"507","0.3254168927669525","0.3254168927669525","0.3254168927669525"
"508","0.26492437720298767","0.26492437720298767","0.26492437720298767"
"509","0.36494210362434387","0.36494210362434387","0.36494210362434387"
"510","0.3096405267715454","0.3096405267715454","0.3096405267715454"
"511","0.3754889667034149","0.3754889667034149","0.3754889667034149"
"512","0.37704893946647644","0.37704893946647644","0.37704893946647644"
"513","0.35029375553131104","0.35029375553131104","0.35029375553131104"
"514","0.5030179023742676","0.5030179023742676","0.5030179023742676"
"515","0.15528476238250732","0.15528476238250732","0.15528476238250732"
"516","0.6212100982666016","0.6212100982666016","0.6212100982666016"
"517","0.21089908480644226","0.21089908480644226","0.21089908480644226"
"518","0.4474930167198181","0.4474930167198181","0.4474930167198181"
"519","0.028910964727401733","0.028910964727401733","0.028910964727401733"
"520","0.22053223848342896","0.22053223848342896","0.22053223848342896"
"521","0.2131221890449524","0.2131221890449524","0.2131221890449524"
"522","0.12335455417633057","0.12335455417633057","0.12335455417633057"
"523","0.8062243461608887","0.8062243461608887","0.8062243461608887"
"524","0.2503637969493866","0.2503637969493866","0.2503637969493866"
"525","0.31135618686676025","0.31135618686676025","0.31135618686676025"
"526","0.5836291313171387","0.5836291313171387","0.5836291313171387"
"527","0.27108997106552124","0.27108997106552124","0.27108997106552124"
"528","0.20787718892097473","0.20787718892097473","0.20787718892097473"
"529","0.5505805611610413","0.5505805611610413","0.5505805611610413"
"530","0.3265684247016907","0.3265684247016907","0.3265684247016907"
"531","0.2732427418231964","0.2732427418231964","0.2732427418231964"
"532","0.36050090193748474","0.36050090193748474","0.36050090193748474"
"533","0.31916460394859314","0.31916460394859314","0.31916460394859314"
"534","0.5579769015312195","0.5579769015312195","0.5579769015312195"
"535","0.2361641824245453","0.2361641824245453","0.2361641824245453"
"536","0.24082410335540771","0.24082410335540771","0.24082410335540771"
"537","0.25460129976272583","0.25460129976272583","0.25460129976272583"
"538","0.27509719133377075","0.27509719133377075","0.27509719133377075"
"539","0.1938951313495636","0.1938951313495636","0.1938951313495636"
"540","0.24443894624710083","0.24443894624710083","0.24443894624710083"
"541","0.2157837450504303","0.2157837450504303","0.2157837450504303"
"542","0.43741151690483093","0.43741151690483093","0.43741151690483093"
"543","0.17475491762161255","0.17475491762161255","0.17475491762161255"
"544","0.22248539328575134","0.22248539328575134","0.22248539328575134"
"545","0.14951157569885254","0.14951157569885254","0.14951157569885254"
"546","0.1787070631980896","0.1787070631980896","0.1787070631980896"
"547","0.13867458701133728","0.13867458701133728","0.13867458701133728"
"552","0.14145243167877197","0.14145243167877197","0.14145243167877197"
"557","0.22481957077980042","0.22481957077980042","0.22481957077980042"
"558","0.10046151280403137","0.10046151280403137","0.10046151280403137"
"559","0.1610000729560852","0.1610000729560852","0.1610000729560852"
"560","0.21552637219429016","0.21552637219429016","0.21552637219429016"
"561","0.2348022758960724","0.2348022758960724","0.2348022758960724"
"562","0.1872609555721283","0.1872609555721283","0.1872609555721283"
"563","0.367757111787796","0.367757111787796","0.367757111787796"
"564","0.08963605761528015","0.08963605761528015","0.08963605761528015"
"565","0.26046469807624817","0.26046469807624817","0.26046469807624817"
"566","0.24254962801933289","0.24254962801933289","0.24254962801933289"
"567","0.5912169218063354","0.5912169218063354","0.5912169218063354"
"568","0.25278934836387634","0.25278934836387634","0.25278934836387634"
"569","0.4935060739517212","0.4935060739517212","0.4935060739517212"
"570","0.5044928789138794","0.5044928789138794","0.5044928789138794"
"571","0.2277669608592987","0.2277669608592987","0.2277669608592987"
"572","0.2872968316078186","0.2872968316078186","0.2872968316078186"
"573","0.28690236806869507","0.28690236806869507","0.28690236806869507"
"574","0.25020894408226013","0.25020894408226013","0.25020894408226013"
"575","0.28268685936927795","0.28268685936927795","0.28268685936927795"
"576","0.25355425477027893","0.25355425477027893","0.25355425477027893"
"577","0.43100348114967346","0.43100348114967346","0.43100348114967346"
"578","0.26901182532310486","0.26901182532310486","0.26901182532310486"
"579","0.06439757347106934","0.06439757347106934","0.06439757347106934"
"580","0.1991671621799469","0.1991671621799469","0.1991671621799469"
"581","0.46256914734840393","0.46256914734840393","0.46256914734840393"
"582","0.41397252678871155","0.41397252678871155","0.41397252678871155"
"583","0.29364293813705444","0.29364293813705444","0.29364293813705444"
"584","0.2507496774196625","0.2507496774196625","0.2507496774196625"
"585","0.456363320350647","0.456363320350647","0.456363320350647"
"586","0.2158064842224121","0.2158064842224121","0.2158064842224121"
"587","0.4346297085285187","0.4346297085285187","0.4346297085285187"
"588","0.19700279831886292","0.19700279831886292","0.19700279831886292"
"589","0.1874062418937683","0.1874062418937683","0.1874062418937683"
"590","0.6372239589691162","0.6372239589691162","0.6372239589691162"
"591","0.12075185775756836","0.12075185775756836","0.12075185775756836"
"592","0.13045614957809448","0.13045614957809448","0.13045614957809448"
"593","0.07376345992088318","0.07376345992088318","0.07376345992088318"
"594","0.477825790643692","0.477825790643692","0.477825790643692"
"595","0.17759084701538086","0.17759084701538086","0.17759084701538086"
"596","0.6965668797492981","0.6965668797492981","0.6965668797492981"
"597","0.09960991144180298","0.09960991144180298","0.09960991144180298"
"598","0.13623139262199402","0.13623139262199402","0.13623139262199402"
"599","0.21834605932235718","0.21834605932235718","0.21834605932235718"
"600","0.14135155081748962","0.14135155081748962","0.14135155081748962"
"601","0.3404604196548462","0.3404604196548462","0.3404604196548462"
"602","0.22644838690757751","0.22644838690757751","0.22644838690757751"
"603","0.4497978091239929","0.4497978091239929","0.4497978091239929"
"604","0.5973867177963257","0.5973867177963257","0.5973867177963257"
"605","0.3425150215625763","0.3425150215625763","0.3425150215625763"
"606","0.3398570716381073","0.3398570716381073","0.3398570716381073"
"607","0.5099979639053345","0.5099979639053345","0.5099979639053345"
"608","0.00025731325149536133","0.00025731325149536133","0.00025731325149536133"
"609","0.1393546462059021","0.1393546462059021","0.1393546462059021"
"610","0.33463630080223083","0.33463630080223083","0.33463630080223083"
"611","0.4718477129936218","0.4718477129936218","0.4718477129936218"
"612","0.22198393940925598","0.22198393940925598","0.22198393940925598"
"613","0.22609367966651917","0.22609367966651917","0.22609367966651917"
"614","0.17380857467651367","0.17380857467651367","0.17380857467651367"
"615","0.18800660967826843","0.18800660967826843","0.18800660967826843"
"616","0.3899957835674286","0.3899957835674286","0.3899957835674286"
"617","0.2364805042743683","0.2364805042743683","0.2364805042743683"
"618","0.2848763167858124","0.2848763167858124","0.2848763167858124"
"619","0.219884991645813","0.219884991645813","0.219884991645813"
"620","0.12706735730171204","0.12706735730171204","0.12706735730171204"
"621","0.3344232141971588","0.3344232141971588","0.3344232141971588"
"622","0.2602330148220062","0.2602330148220062","0.2602330148220062"
"623","0.5341874361038208","0.5341874361038208","0.5341874361038208"
"624","0.34117013216018677","0.34117013216018677","0.34117013216018677"
"625","0.48858076333999634","0.48858076333999634","0.48858076333999634"
"626","0.2756631076335907","0.2756631076335907","0.2756631076335907"
"627","0.2604793310165405","0.2604793310165405","0.2604793310165405"
"628","0.3065316677093506","0.3065316677093506","0.3065316677093506"
"629","0.21599048376083374","0.21599048376083374","0.21599048376083374"
"630","0.11187037825584412","0.11187037825584412","0.11187037825584412"
"631","0.24882125854492188","0.24882125854492188","0.24882125854492188"
"632","0.3851195275783539","0.3851195275783539","0.3851195275783539"
"633","0.31742751598358154","0.31742751598358154","0.31742751598358154"
"634","0.5135488510131836","0.5135488510131836","0.5135488510131836"
"635","0.28948497772216797","0.28948497772216797","0.28948497772216797"
"636","0.3555794954299927","0.3555794954299927","0.3555794954299927"
"637","0.17062640190124512","0.17062640190124512","0.17062640190124512"
"638","0.19259673357009888","0.19259673357009888","0.19259673357009888"
"639","0.19351345300674438","0.19351345300674438","0.19351345300674438"
"640","0.25840720534324646","0.25840720534324646","0.25840720534324646"
"641","0.25400683283805847","0.25400683283805847","0.25400683283805847"
"642","0.18160805106163025","0.18160805106163025","0.18160805106163025"
"643","0.12133044004440308","0.12133044004440308","0.12133044004440308"
"644","0.29821035265922546","0.29821035265922546","0.29821035265922546"
"645","0.26470401883125305","0.26470401883125305","0.26470401883125305"
"646","0.19235879182815552","0.19235879182815552","0.19235879182815552"
"647","0.24497079849243164","0.24497079849243164","0.24497079849243164"
"648","0.1832294464111328","0.1832294464111328","0.1832294464111328"
"649","0.31490617990493774","0.31490617990493774","0.31490617990493774"
"650","0.23903870582580566","0.23903870582580566","0.23903870582580566"
"651","0.3433082401752472","0.3433082401752472","0.3433082401752472"
"652","0.253206342458725","0.253206342458725","0.253206342458725"
"653","0.25123563408851624","0.25123563408851624","0.25123563408851624"
"654","0.30663150548934937","0.30663150548934937","0.30663150548934937"
"655","0.2795318365097046","0.2795318365097046","0.2795318365097046"
"656","0.2592630386352539","0.2592630386352539","0.2592630386352539"
"657","0.09626966714859009","0.09626966714859009","0.09626966714859009"
"658","0.11635446548461914","0.11635446548461914","0.11635446548461914"
"659","0.33128637075424194","0.33128637075424194","0.33128637075424194"
"660","0.13138851523399353","0.13138851523399353","0.13138851523399353"
"661","0.14124217629432678","0.14124217629432678","0.14124217629432678"
"662","0.4562720060348511","0.4562720060348511","0.4562720060348511"
"663","0.38136231899261475","0.38136231899261475","0.38136231899261475"
"664","0.19208204746246338","0.19208204746246338","0.19208204746246338"
"665","0.14768841862678528","0.14768841862678528","0.14768841862678528"
"666","0.31406357884407043","0.31406357884407043","0.31406357884407043"
"667","0.19407710433006287","0.19407710433006287","0.19407710433006287"
"668","0.7149150371551514","0.7149150371551514","0.7149150371551514"
"669","0.16629716753959656","0.16629716753959656","0.16629716753959656"
"670","0.15905070304870605","0.15905070304870605","0.15905070304870605"
"671","0.09734708070755005","0.09734708070755005","0.09734708070755005"
"672","0.4221418797969818","0.4221418797969818","0.4221418797969818"
"673","0.1463354527950287","0.1463354527950287","0.1463354527950287"
"674","0.5248032212257385","0.5248032212257385","0.5248032212257385"
"675","0.09758514165878296","0.09758514165878296","0.09758514165878296"
"676","0.14226293563842773","0.14226293563842773","0.14226293563842773"
"677","0.2922878563404083","0.2922878563404083","0.2922878563404083"
"678","0.46052086353302","0.46052086353302","0.46052086353302"
"679","0.2034018337726593","0.2034018337726593","0.2034018337726593"
"680","0.3568553030490875","0.3568553030490875","0.3568553030490875"
"681","0.2733219265937805","0.2733219265937805","0.2733219265937805"
"682","0.170943945646286","0.170943945646286","0.170943945646286"
"683","0.4721809923648834","0.4721809923648834","0.4721809923648834"
"684","0.3378467857837677","0.3378467857837677","0.3378467857837677"
"685","0.37072721123695374","0.37072721123695374","0.37072721123695374"
"686","0.17831414937973022","0.17831414937973022","0.17831414937973022"
"687","0.08965358138084412","0.08965358138084412","0.08965358138084412"
"688","0.11525529623031616","0.11525529623031616","0.11525529623031616"
"689","0.435190349817276","0.435190349817276","0.435190349817276"
"690","0.12090837955474854","0.12090837955474854","0.12090837955474854"
"691","0.17341750860214233","0.17341750860214233","0.17341750860214233"
"692","0.3084549903869629","0.3084549903869629","0.3084549903869629"
"693","0.18932783603668213","0.18932783603668213","0.18932783603668213"
"694","0.08877596259117126","0.08877596259117126","0.08877596259117126"
"695","0.3881045877933502","0.3881045877933502","0.3881045877933502"
"696","0.2244623601436615","0.2244623601436615","0.2244623601436615"
"697","0.08491045236587524","0.08491045236587524","0.08491045236587524"
"698","0.24655506014823914","0.24655506014823914","0.24655506014823914"
"699","0.3619573712348938","0.3619573712348938","0.3619573712348938"
"700","0.07074150443077087","0.07074150443077087","0.07074150443077087"
"701","0.255005419254303","0.255005419254303","0.255005419254303"
"702","0.34218713641166687","0.34218713641166687","0.34218713641166687"
"703","0.27045783400535583","0.27045783400535583","0.27045783400535583"
"704","0.5254135131835938","0.5254135131835938","0.5254135131835938"
"705","0.10899227857589722","0.10899227857589722","0.10899227857589722"
"706","0.379649817943573","0.379649817943573","0.379649817943573"
"707","0.4113415777683258","0.4113415777683258","0.4113415777683258"
"708","0.056946396827697754","0.056946396827697754","0.056946396827697754"
"709","0.18335336446762085","0.18335336446762085","0.18335336446762085"
"710","0.1455327272415161","0.1455327272415161","0.1455327272415161"
"711","0.18796026706695557","0.18796026706695557","0.18796026706695557"
"712","0.10770988464355469","0.10770988464355469","0.10770988464355469"
"713","0.29283881187438965","0.29283881187438965","0.29283881187438965"
"714","0.39757925271987915","0.39757925271987915","0.39757925271987915"
"715","0.3817006051540375","0.3817006051540375","0.3817006051540375"
"716","0.0032321512699127197","0.0032321512699127197","0.0032321512699127197"
"717","0.4140623211860657","0.4140623211860657","0.4140623211860657"
"718","0.27823224663734436","0.27823224663734436","0.27823224663734436"
"719","0.47409167885780334","0.47409167885780334","0.47409167885780334"
"720","0.3911958336830139","0.3911958336830139","0.3911958336830139"
"721","0.13732773065567017","0.13732773065567017","0.13732773065567017"
"722","0.3460487425327301","0.3460487425327301","0.3460487425327301"
"723","0.19017964601516724","0.19017964601516724","0.19017964601516724"
"724","0.6641675233840942","0.6641675233840942","0.6641675233840942"
"725","0.04295855760574341","0.04295855760574341","0.04295855760574341"
"726","0.4298241138458252","0.4298241138458252","0.4298241138458252"
"727","0.2740436792373657","0.2740436792373657","0.2740436792373657"
"728","0.2900795340538025","0.2900795340538025","0.2900795340538025"
"729","0.43914201855659485","0.43914201855659485","0.43914201855659485"
"730","0.718090295791626","0.718090295791626","0.718090295791626"
"731","0.12442782521247864","0.12442782521247864","0.12442782521247864"
"736","0.17433303594589233","0.17433303594589233","0.17433303594589233"
"741","0.31943070888519287","0.31943070888519287","0.31943070888519287"
"742","0.16917693614959717","0.16917693614959717","0.16917693614959717"
"743","0.24261698126792908","0.24261698126792908","0.24261698126792908"
"744","0.3035331964492798","0.3035331964492798","0.3035331964492798"
"745","0.35125982761383057","0.35125982761383057","0.35125982761383057"
"746","0.3636626601219177","0.3636626601219177","0.3636626601219177"
"747","0.5243589282035828","0.5243589282035828","0.5243589282035828"
"748","0.38238900899887085","0.38238900899887085","0.38238900899887085"
"749","0.1972491443157196","0.1972491443157196","0.1972491443157196"
"750","0.203870952129364","0.203870952129364","0.203870952129364"
"751","0.11566060781478882","0.11566060781478882","0.11566060781478882"
"752","0.3021230697631836","0.3021230697631836","0.3021230697631836"
"753","0.4232531487941742","0.4232531487941742","0.4232531487941742"
"754","0.6581520438194275","0.6581520438194275","0.6581520438194275"
"755","0.2278853952884674","0.2278853952884674","0.2278853952884674"
"756","0.1878216564655304","0.1878216564655304","0.1878216564655304"
"757","0.13159626722335815","0.13159626722335815","0.13159626722335815"
"758","0.08122140169143677","0.08122140169143677","0.08122140169143677"
"759","0.2203996479511261","0.2203996479511261","0.2203996479511261"
"760","0.21781951189041138","0.21781951189041138","0.21781951189041138"
"761","0.28160375356674194","0.28160375356674194","0.28160375356674194"
"762","0.3837006688117981","0.3837006688117981","0.3837006688117981"
"763","0.04783928394317627","0.04783928394317627","0.04783928394317627"
"764","0.512965738773346","0.512965738773346","0.512965738773346"
"765","0.24317681789398193","0.24317681789398193","0.24317681789398193"
"766","0.10635504126548767","0.10635504126548767","0.10635504126548767"
"767","0.20660370588302612","0.20660370588302612","0.20660370588302612"
"768","0.042804837226867676","0.042804837226867676","0.042804837226867676"
"769","0.32975971698760986","0.32975971698760986","0.32975971698760986"
"770","0.1454291045665741","0.1454291045665741","0.1454291045665741"
"771","0.41609910130500793","0.41609910130500793","0.41609910130500793"
"772","0.47597450017929077","0.47597450017929077","0.47597450017929077"
"773","0.008092999458312988","0.008092999458312988","0.008092999458312988"
"774","0.2520407438278198","0.2520407438278198","0.2520407438278198"
"775","0.2741088569164276","0.2741088569164276","0.2741088569164276"
"776","0.02548038959503174","0.02548038959503174","0.02548038959503174"
"777","0.2773476243019104","0.2773476243019104","0.2773476243019104"
"778","0.16175904870033264","0.16175904870033264","0.16175904870033264"
"779","0.22547271847724915","0.22547271847724915","0.22547271847724915"
"780","0.5391830801963806","0.5391830801963806","0.5391830801963806"
"781","0.23791557550430298","0.23791557550430298","0.23791557550430298"
"782","0.2385069727897644","0.2385069727897644","0.2385069727897644"
"783","0.2541995644569397","0.2541995644569397","0.2541995644569397"
"784","0.202266663312912","0.202266663312912","0.202266663312912"
"785","0.1361514925956726","0.1361514925956726","0.1361514925956726"
"786","0.17881551384925842","0.17881551384925842","0.17881551384925842"
"787","0.14729633927345276","0.14729633927345276","0.14729633927345276"
"788","0.22466519474983215","0.22466519474983215","0.22466519474983215"
"789","0.13901180028915405","0.13901180028915405","0.13901180028915405"
"790","0.21261459589004517","0.21261459589004517","0.21261459589004517"
"791","0.0937824547290802","0.0937824547290802","0.0937824547290802"
"792","0.2106088399887085","0.2106088399887085","0.2106088399887085"
"793","0.01554366946220398","0.01554366946220398","0.01554366946220398"
"794","0.25801870226860046","0.25801870226860046","0.25801870226860046"
"795","0.09126052260398865","0.09126052260398865","0.09126052260398865"
"796","0.06879431009292603","0.06879431009292603","0.06879431009292603"
"797","0.22713422775268555","0.22713422775268555","0.22713422775268555"
"798","0.3032798171043396","0.3032798171043396","0.3032798171043396"
"799","0.07158136367797852","0.07158136367797852","0.07158136367797852"
"800","0.2399100661277771","0.2399100661277771","0.2399100661277771"
"801","0.17023512721061707","0.17023512721061707","0.17023512721061707"
"802","0.1719946563243866","0.1719946563243866","0.1719946563243866"
"803","0.0707254707813263","0.0707254707813263","0.0707254707813263"
"804","0.39276930689811707","0.39276930689811707","0.39276930689811707"
"805","0.13867029547691345","0.13867029547691345","0.13867029547691345"
"806","0.12100905179977417","0.12100905179977417","0.12100905179977417"
"807","0.3845454156398773","0.3845454156398773","0.3845454156398773"
"808","0.0015950798988342285","0.0015950798988342285","0.0015950798988342285"
"809","0.09570783376693726","0.09570783376693726","0.09570783376693726"
"810","0.30890122056007385","0.30890122056007385","0.30890122056007385"
"811","0.14519193768501282","0.14519193768501282","0.14519193768501282"
"812","0.3773694634437561","0.3773694634437561","0.3773694634437561"
"813","0.17396414279937744","0.17396414279937744","0.17396414279937744"
"814","0.30268096923828125","0.30268096923828125","0.30268096923828125"
"815","0.4345499575138092","0.4345499575138092","0.4345499575138092"
"816","0.24034905433654785","0.24034905433654785","0.24034905433654785"
"817","0.30667802691459656","0.30667802691459656","0.30667802691459656"
"818","0.136541485786438","0.136541485786438","0.136541485786438"
"819","0.12695777416229248","0.12695777416229248","0.12695777416229248"
"820","0.0574820339679718","0.0574820339679718","0.0574820339679718"
"821","0.11142471432685852","0.11142471432685852","0.11142471432685852"
"822","0.0224493145942688","0.0224493145942688","0.0224493145942688"
"823","0.0642288327217102","0.0642288327217102","0.0642288327217102"
"824","0.26107901334762573","0.26107901334762573","0.26107901334762573"
"825","0.2924799919128418","0.2924799919128418","0.2924799919128418"
"826","0.19116321206092834","0.19116321206092834","0.19116321206092834"
"827","0.059403806924819946","0.059403806924819946","0.059403806924819946"
"828","0.6791744232177734","0.6791744232177734","0.6791744232177734"
"829","0.1914745569229126","0.1914745569229126","0.1914745569229126"
"830","0.1572016477584839","0.1572016477584839","0.1572016477584839"
"831","0.03817868232727051","0.03817868232727051","0.03817868232727051"
"832","0.19333088397979736","0.19333088397979736","0.19333088397979736"
"833","0.2187042236328125","0.2187042236328125","0.2187042236328125"
"834","0.10515749454498291","0.10515749454498291","0.10515749454498291"
"835","0.17053046822547913","0.17053046822547913","0.17053046822547913"
"836","0.3390013575553894","0.3390013575553894","0.3390013575553894"
"837","0.14368602633476257","0.14368602633476257","0.14368602633476257"
"838","0.13763278722763062","0.13763278722763062","0.13763278722763062"
"839","0","0","0"
"840","0.4529167115688324","0.4529167115688324","0.4529167115688324"
"841","0.24343079328536987","0.24343079328536987","0.24343079328536987"
"842","0.12216764688491821","0.12216764688491821","0.12216764688491821"
"843","0.5873492956161499","0.5873492956161499","0.5873492956161499"
"844","0.19838929176330566","0.19838929176330566","0.19838929176330566"
"845","0.18046191334724426","0.18046191334724426","0.18046191334724426"
"846","0.2605530321598053","0.2605530321598053","0.2605530321598053"
"847","0.029540210962295532","0.029540210962295532","0.029540210962295532"
"848","0.14888045191764832","0.14888045191764832","0.14888045191764832"
"849","0.1266309916973114","0.1266309916973114","0.1266309916973114"
"850","0.018972724676132202","0.018972724676132202","0.018972724676132202"
"851","0.3004422187805176","0.3004422187805176","0.3004422187805176"
"852","0.06984233856201172","0.06984233856201172","0.06984233856201172"
"853","0.40662288665771484","0.40662288665771484","0.40662288665771484"
"854","0.0007827877998352051","0.0007827877998352051","0.0007827877998352051"
"855","0.10869711637496948","0.10869711637496948","0.10869711637496948"
"856","0.11323422193527222","0.11323422193527222","0.11323422193527222"
"857","0.24576693773269653","0.24576693773269653","0.24576693773269653"
"858","0.2336302399635315","0.2336302399635315","0.2336302399635315"
"859","0.15529239177703857","0.15529239177703857","0.15529239177703857"
"860","0.14829742908477783","0.14829742908477783","0.14829742908477783"
"861","0.16225314140319824","0.16225314140319824","0.16225314140319824"
"862","0.269502192735672","0.269502192735672","0.269502192735672"
"863","0.25972336530685425","0.25972336530685425","0.25972336530685425"
"864","0.19412696361541748","0.19412696361541748","0.19412696361541748"
"865","0.06928128004074097","0.06928128004074097","0.06928128004074097"
"866","0.3378838002681732","0.3378838002681732","0.3378838002681732"
"867","0.3170783817768097","0.3170783817768097","0.3170783817768097"
"868","0.14693590998649597","0.14693590998649597","0.14693590998649597"
"869","0.21391654014587402","0.21391654014587402","0.21391654014587402"
"870","0.24759531021118164","0.24759531021118164","0.24759531021118164"
"871","0.5751332640647888","0.5751332640647888","0.5751332640647888"
"872","0.2852581739425659","0.2852581739425659","0.2852581739425659"
"873","0.19791224598884583","0.19791224598884583","0.19791224598884583"
"874","0.014432728290557861","0.014432728290557861","0.014432728290557861"
"875","0.1363072693347931","0.1363072693347931","0.1363072693347931"
"876","0.2575826346874237","0.2575826346874237","0.2575826346874237"
"877","0.14644593000411987","0.14644593000411987","0.14644593000411987"
"878","0.43233001232147217","0.43233001232147217","0.43233001232147217"
"879","0.3804456889629364","0.3804456889629364","0.3804456889629364"
"880","0.12160569429397583","0.12160569429397583","0.12160569429397583"
"881","0.27878522872924805","0.27878522872924805","0.27878522872924805"
"882","0.3445225954055786","0.3445225954055786","0.3445225954055786"
"883","0.05470693111419678","0.05470693111419678","0.05470693111419678"
"884","0.11736288666725159","0.11736288666725159","0.11736288666725159"
"885","0.15677553415298462","0.15677553415298462","0.15677553415298462"
"886","0.21155112981796265","0.21155112981796265","0.21155112981796265"
"887","0.3607771098613739","0.3607771098613739","0.3607771098613739"
"888","0.38288208842277527","0.38288208842277527","0.38288208842277527"
"889","0.271246075630188","0.271246075630188","0.271246075630188"
"890","0.21280670166015625","0.21280670166015625","0.21280670166015625"
"891","0.1094227135181427","0.1094227135181427","0.1094227135181427"
"892","0.04982942342758179","0.04982942342758179","0.04982942342758179"
"893","0","0","0"
"894","0.19479107856750488","0.19479107856750488","0.19479107856750488"
"895","0.22616106271743774","0.22616106271743774","0.22616106271743774"
"896","0","0","0"
"897","0.21611657738685608","0.21611657738685608","0.21611657738685608"
"898","0.04661595821380615","0.04661595821380615","0.04661595821380615"
"899","0.26594266295433044","0.26594266295433044","0.26594266295433044"
"900","0.2804778814315796","0.2804778814315796","0.2804778814315796"
"901","0.43021029233932495","0.43021029233932495","0.43021029233932495"
"902","0.07080012559890747","0.07080012559890747","0.07080012559890747"
"903","0.2636626958847046","0.2636626958847046","0.2636626958847046"
"904","0.108632892370224","0.108632892370224","0.108632892370224"
"905","0","0","0"
"906","0.2413419485092163","0.2413419485092163","0.2413419485092163"
"907","0.0939684510231018","0.0939684510231018","0.0939684510231018"
"908","0.23706874251365662","0.23706874251365662","0.23706874251365662"
"909","0.20668384432792664","0.20668384432792664","0.20668384432792664"
"910","0.3064391613006592","0.3064391613006592","0.3064391613006592"
"911","0.14180198311805725","0.14180198311805725","0.14180198311805725"
"912","0.23071500658988953","0.23071500658988953","0.23071500658988953"
"913","0.35303598642349243","0.35303598642349243","0.35303598642349243"
"914","0.26014551520347595","0.26014551520347595","0.26014551520347595"
"915","0.1156889796257019","0.1156889796257019","0.1156889796257019"